,mean_growth_rate,ruin_probability,mean_final_assets,sharpe_ratio
insurance_optimization_baseline,0.06643904291796096,0.01369630517308372,9433228.45818909,0.4429269527864064
insurance_optimization_insurance_premium_rate_low,0.2825351579268115,0.0,11450260.100775573,1.8835677195120768
insurance_optimization_insurance_premium_rate_high,-0.16671440502275206,0.1532921507292158,9623759.17161505,-1.111429366818347
insurance_optimization_insurance_limit_low,0.05575665148289423,0.01750356680176364,10472239.406240478,0.37171100988596156
insurance_optimization_insurance_limit_high,0.062304839059140874,0.011687356636658763,11559791.981339002,0.41536559372760584
insurance_optimization_manufacturer_target_margin_low,0.0654333710684995,0.012399735419560756,8354623.285912818,0.4362224737899967
insurance_optimization_manufacturer_target_margin_high,0.065272222877776,0.013649108417081645,10814836.314322507,0.43514815251850664
