,mean_growth_rate,ruin_probability,mean_final_assets,sharpe_ratio
insurance_optimization_baseline,0.05887131552022183,0.01249766013069301,10478711.32402095,0.3924754368014789
insurance_optimization_insurance_premium_rate_low,0.28637166866076524,0.0,9471831.761527289,1.909144457738435
insurance_optimization_insurance_premium_rate_high,-0.15870400001588797,0.15165729368142652,10621214.310811019,-1.0580266667725866
insurance_optimization_insurance_limit_low,0.060400672435259366,0.015270474130504155,10604105.979540234,0.4026711495683958
insurance_optimization_insurance_limit_high,0.05936850177559397,0.01061119024034778,8569463.870600527,0.3957900118372931
insurance_optimization_manufacturer_target_margin_low,0.049837976106524295,0.013564010121682724,10236589.860363903,0.3322531740434953
insurance_optimization_manufacturer_target_margin_high,0.06356469002350258,0.014987549814309132,10460191.966274213,0.4237646001566839
