,mean_growth_rate,ruin_probability,mean_final_assets,sharpe_ratio
insurance_optimization_baseline,0.06076848007250116,0.014553860645796642,9411362.34450961,0.40512320048334105
insurance_optimization_insurance_premium_rate_low,0.2829306303732107,0.0,11856189.938420255,1.8862042024880714
insurance_optimization_insurance_premium_rate_high,-0.17117727682308886,0.15044622475526773,9063716.486865627,-1.141181845487259
insurance_optimization_insurance_limit_low,0.05027186489234889,0.016426993151503054,10243658.565801453,0.3351457659489926
insurance_optimization_insurance_limit_high,0.06532665632989476,0.01022523180947851,9382699.313220644,0.4355110421992984
insurance_optimization_manufacturer_target_margin_low,0.05038691770978389,0.011673913805019859,10457164.306853687,0.3359127847318926
insurance_optimization_manufacturer_target_margin_high,0.06698707808505794,0.015752620004623897,10190906.008017503,0.44658052056705294
