,mean_growth_rate,ruin_probability,mean_final_assets,sharpe_ratio
insurance_optimization_baseline,0.05306293395450726,0.014179425318870089,9915163.095551785,0.3537528930300484
insurance_optimization_insurance_premium_rate_low,0.2802033455534815,0.0,8706024.345781047,1.8680223036898767
insurance_optimization_insurance_premium_rate_high,-0.16563037715898318,0.14877605422906517,8436979.691660624,-1.1042025143932213
insurance_optimization_insurance_limit_low,0.05186883217806506,0.020169321817385732,10267925.199817332,0.34579221452043374
insurance_optimization_insurance_limit_high,0.0660444357206204,0.015159594358435434,8183143.208046042,0.4402962381374693
insurance_optimization_manufacturer_target_margin_low,0.05248847889817825,0.01757430914744761,10188326.206674678,0.3499231926545217
insurance_optimization_manufacturer_target_margin_high,0.06887014956149275,0.015927598977643728,9927860.712547041,0.45913433040995166
