,mean,std,min,max,range,cv,anova
mean_growth_rate,0.05792776437710121,0.12152352576931348,-0.17117727682308886,0.2829306303732107,0.45410790719629957,2.0978459478983726,{'significant_difference': np.True_}
ruin_probability,0.03129697773881281,0.04891421421196471,0.0,0.15044622475526773,0.15044622475526773,1.5629053584718486,{'significant_difference': np.True_}
mean_final_assets,10086528.137669828,870305.8826483015,9063716.486865627,11856189.938420255,2792473.451554628,0.08628398897713858,{'significant_difference': np.True_}
sharpe_ratio,0.38618509584734145,0.8101568384620899,-1.141181845487259,1.8862042024880714,3.0273860479753303,2.0978459478983726,{'significant_difference': np.True_}
