,mean,std,min,max,range,cv,anova
mean_growth_rate,0.058129685529623144,0.11931948136798792,-0.16563037715898318,0.2802033455534815,0.4458337227124647,2.0526428154713168,{'significant_difference': np.True_}
ruin_probability,0.033112329121263974,0.0475988379665889,0.0,0.14877605422906517,0.14877605422906517,1.4374959185828466,{'significant_difference': np.True_}
mean_final_assets,9375060.351439793,828439.0813048211,8183143.208046042,10267925.199817332,2084781.9917712891,0.08836626648249704,{'significant_difference': np.True_}
sharpe_ratio,0.38753123686415425,0.7954632091199196,-1.1042025143932213,1.8680223036898767,2.972224818083098,2.0526428154713177,{'significant_difference': np.True_}
