,mean,std,min,max,range,cv,anova
mean_growth_rate,0.059831222644822865,0.11763176499122087,-0.16186779260849482,0.2775357943857747,0.4394035869942695,1.9660598562312586,{'significant_difference': np.True_}
ruin_probability,0.033406442913894614,0.04952526844824476,0.0,0.15389750072158606,0.15389750072158606,1.4825064906160932,{'significant_difference': np.True_}
mean_final_assets,9828195.368514325,570657.311920213,9262058.385045497,11045419.331501862,1783360.9464563653,0.05806328532584677,{'significant_difference': np.True_}
sharpe_ratio,0.39887481763215243,0.7842117666081392,-1.0791186173899656,1.850238629238498,2.929357246628464,1.9660598562312588,{'significant_difference': np.True_}
