,mean,std,min,max,range,cv,anova
mean_growth_rate,0.061575268615761576,0.12013447529362087,-0.16671440502275206,0.2825351579268115,0.44924956294956353,1.9510182902047422,{'significant_difference': np.True_}
ruin_probability,0.03174688902533775,0.049877046346942976,0.0,0.1532921507292158,0.1532921507292158,1.5710845338935486,{'significant_difference': np.True_}
mean_final_assets,10244105.531199217,1080747.9395025168,8354623.285912818,11559791.981339002,3205168.6954261838,0.10549949297291161,{'significant_difference': np.True_}
sharpe_ratio,0.4105017907717439,0.8008965019574726,-1.111429366818347,1.8835677195120768,2.994997086330424,1.9510182902047422,{'significant_difference': np.True_}
